"","text","favorited","favoriteCount","replyToSN","created","truncated","replyToSID","id","replyToUID","statusSource","screenName","retweetCount","isRetweet","retweeted","longitude","latitude"
"1","Winter is coming.... #ForTheThrone #GameOfThones #NightKing #April https://t.co/SqOZUureL1",FALSE,0,NA,2019-03-11 03:11:46,FALSE,NA,"1104942965259161600",NA,"<a href=""http://twitter.com/download/iphone"" rel=""nofollow"">Twitter for iPhone</a>","CaseMed",0,FALSE,FALSE,NA,NA
"2","RT @_willcompton: Watching #GameOfThones the second time around is even better 

The conversations are awesome! Had no idea the 1st time ar‚Ä¶",FALSE,0,NA,2019-03-11 03:10:48,FALSE,NA,"1104942720374714368",NA,"<a href=""https://mobile.twitter.com"" rel=""nofollow"">Twitter Web App</a>","tanner_merchant",1,TRUE,FALSE,NA,NA
"3","RT @brettaok: Waiting on line for the #GameOfThones Bleed For The Throne experience. #SXSW2019 #SXSW https://t.co/05WvyfTvk8",FALSE,0,NA,2019-03-11 03:07:00,FALSE,NA,"1104941766204116992",NA,"<a href=""http://twitter.com/download/iphone"" rel=""nofollow"">Twitter for iPhone</a>","c_stoltz01",103,TRUE,FALSE,NA,NA
"4","RT @brettaok: Waiting on line for the #GameOfThones Bleed For The Throne experience. #SXSW2019 #SXSW https://t.co/05WvyfTvk8",FALSE,0,NA,2019-03-11 03:03:24,FALSE,NA,"1104940860700086273",NA,"<a href=""http://twitter.com/download/iphone"" rel=""nofollow"">Twitter for iPhone</a>","smhatakan",103,TRUE,FALSE,NA,NA
"5","RT @brettaok: Waiting on line for the #GameOfThones Bleed For The Throne experience. #SXSW2019 #SXSW https://t.co/05WvyfTvk8",FALSE,0,NA,2019-03-11 03:01:39,FALSE,NA,"1104940420939829249",NA,"<a href=""http://twitter.com/download/iphone"" rel=""nofollow"">Twitter for iPhone</a>","Lonestar87",103,TRUE,FALSE,NA,NA
"6","@yoyaque Cuales le falta la √∫ltima temporada #GameOfThones que termine..",FALSE,1,"yoyaque",2019-03-11 03:01:01,FALSE,"1104916989477154816","1104940261128458240","116578964","<a href=""http://twitter.com/download/android"" rel=""nofollow"">Twitter for Android</a>","JosLuis16123415",0,FALSE,FALSE,NA,NA
"7","Watching #GameOfThones the second time around is even better 

The conversations are awesome! Had no idea the 1st time around",FALSE,19,NA,2019-03-11 03:00:34,FALSE,NA,"1104940146712084480",NA,"<a href=""http://twitter.com/download/iphone"" rel=""nofollow"">Twitter for iPhone</a>","_willcompton",1,FALSE,FALSE,NA,NA
"8","The level of loathing I hold for Cersei Lannister is limitless ever since that Lady wolf death so I swear, if she w‚Ä¶ https://t.co/GzoaaQgqoc",FALSE,0,NA,2019-03-11 02:55:20,TRUE,NA,"1104938829096472576",NA,"<a href=""http://twitter.com/download/iphone"" rel=""nofollow"">Twitter for iPhone</a>","HEAapologist",0,FALSE,FALSE,NA,NA
"9","RT @rishibagree: Action packed April, May and June

#GameOfThones
Elections
IPL 
Cricket World Cup
#AvengersEndgame",FALSE,0,NA,2019-03-11 02:53:31,FALSE,NA,"1104938372345331713",NA,"<a href=""http://twitter.com/download/android"" rel=""nofollow"">Twitter for Android</a>","SOErabaiMahadev",198,TRUE,FALSE,NA,NA
"10","RT @brettaok: Waiting on line for the #GameOfThones Bleed For The Throne experience. #SXSW2019 #SXSW https://t.co/05WvyfTvk8",FALSE,0,NA,2019-03-11 02:49:18,FALSE,NA,"1104937312188682240",NA,"<a href=""http://twitter.com/download/iphone"" rel=""nofollow"">Twitter for iPhone</a>","hafeez_0430",103,TRUE,FALSE,NA,NA
"11","RT @brettaok: Waiting on line for the #GameOfThones Bleed For The Throne experience. #SXSW2019 #SXSW https://t.co/05WvyfTvk8",FALSE,0,NA,2019-03-11 02:48:07,FALSE,NA,"1104937015273914368",NA,"<a href=""http://twitter.com/download/android"" rel=""nofollow"">Twitter for Android</a>","NileshP2821982",103,TRUE,FALSE,NA,NA
"12","RT @Madan_Chikna: #IPL2019
#GameOfThones Final Season
#AvengersEndgame 
#LokSabhaElections2019

MONTH OF APRIL IS GONNA ROCK",FALSE,0,NA,2019-03-11 02:46:18,FALSE,NA,"1104936558015131648",NA,"<a href=""http://twitter.com/download/android"" rel=""nofollow"">Twitter for Android</a>","VijayMaruthi3",47,TRUE,FALSE,NA,NA
"13","RT @brettaok: Waiting on line for the #GameOfThones Bleed For The Throne experience. #SXSW2019 #SXSW https://t.co/05WvyfTvk8",FALSE,0,NA,2019-03-11 02:42:26,FALSE,NA,"1104935584030572544",NA,"<a href=""http://twitter.com/download/iphone"" rel=""nofollow"">Twitter for iPhone</a>","7CharmsPrecious",103,TRUE,FALSE,NA,NA
"14","RT @infinitum: ¬øQui√©n se quedar√° con el Trono de Hierro? Desc√∫brelo con tu paquete #Infinitum + HBO y disfruta las temporadas de #GameOfTho‚Ä¶",FALSE,0,NA,2019-03-11 02:37:23,FALSE,NA,"1104934311185342474",NA,"<a href=""http://twitter.com/download/android"" rel=""nofollow"">Twitter for Android</a>","SweetRagamuffin",53,TRUE,FALSE,NA,NA
"15","episode 52 - ‚ÄúThat‚Äôs what I do. I drink and I know things.‚Äù a true mood ugh his mind.
#ForTheThrone #GameOfThones https://t.co/iKgVoVKC9L",FALSE,0,"MayaWesby",2019-03-11 02:35:54,FALSE,"1104581414102753285","1104933937518989312","1431719107","<a href=""http://twitter.com/download/iphone"" rel=""nofollow"">Twitter for iPhone</a>","MayaWesby",0,FALSE,FALSE,NA,NA
"16","#TheOldGodsandTheNew this episode of #GameOfThones is fucking great, Tyrion bitch slaps Joffrey AGAIN! aaand The Ho‚Ä¶ https://t.co/W2vriuBOSb",FALSE,0,NA,2019-03-11 02:34:19,TRUE,NA,"1104933541173960704",NA,"<a href=""http://twitter.com/download/iphone"" rel=""nofollow"">Twitter for iPhone</a>","taryn_rae",0,FALSE,FALSE,NA,NA
"17","RT @brettaok: Waiting on line for the #GameOfThones Bleed For The Throne experience. #SXSW2019 #SXSW https://t.co/05WvyfTvk8",FALSE,0,NA,2019-03-11 02:32:51,FALSE,NA,"1104933171651665922",NA,"<a href=""http://twitter.com/download/android"" rel=""nofollow"">Twitter for Android</a>","nvpressurv",103,TRUE,FALSE,NA,NA
"18","RT @BobaxFatt: –î–∞ –∑–¥—Ä–∞–≤—Å—Ç–≤—É–µ—Ç –µ–≥–æ –≤–µ–ª–∏—á–µ—Å—Ç–≤–æ –î–∂–æ—Ñ—Ñ—Ä–∏ –∏–∑ –¥–æ–º–æ–≤ –ë–∞—Ä–∞—Ç–µ–æ–Ω–æ–≤ –∏ –õ–∞–Ω–Ω–∏—Å—Ç–µ—Ä–æ–≤, –ø–µ—Ä–≤—ã–π –Ω–æ—Å–∏—Ç–µ–ª—å —ç—Ç–æ–≥–æ –∏–º–µ–Ω–∏, –∫–æ—Ä–æ–ª—å –∞–Ω–¥–∞–ª–æ–≤, —Ä–æ–π–Ω–∞—Ä‚Ä¶",FALSE,0,NA,2019-03-11 02:30:35,FALSE,NA,"1104932599397605377",NA,"<a href=""http://twitter.com/download/iphone"" rel=""nofollow"">Twitter for iPhone</a>","AitalYakovlev",0,TRUE,FALSE,NA,NA
"19","RT @brettaok: Waiting on line for the #GameOfThones Bleed For The Throne experience. #SXSW2019 #SXSW https://t.co/05WvyfTvk8",FALSE,0,NA,2019-03-11 02:29:59,FALSE,NA,"1104932448406769666",NA,"<a href=""http://twitter.com/download/android"" rel=""nofollow"">Twitter for Android</a>","ZamanBarovi",103,TRUE,FALSE,NA,NA
"20","I‚Äôm slowing starting to root for the Night King to win in the end ü§® #GameOfThones",FALSE,1,NA,2019-03-11 02:28:21,FALSE,NA,"1104932041123135488",NA,"<a href=""http://twitter.com/download/iphone"" rel=""nofollow"">Twitter for iPhone</a>","suspectkk",0,FALSE,FALSE,NA,NA
"21","RT @brettaok: Waiting on line for the #GameOfThones Bleed For The Throne experience. #SXSW2019 #SXSW https://t.co/05WvyfTvk8",FALSE,0,NA,2019-03-11 02:28:14,FALSE,NA,"1104932010546601984",NA,"<a href=""http://twitter.com/download/iphone"" rel=""nofollow"">Twitter for iPhone</a>","jkson_4",103,TRUE,FALSE,NA,NA
"22","Omg, the ONE TIME #Joffrey is actually smarter than anybody else, and OF COURSE no one's going to listen to him!‚Ä¶ https://t.co/9Wh6EZ3aL6",FALSE,0,NA,2019-03-11 02:23:00,TRUE,NA,"1104930694017368064",NA,"<a href=""http://twitter.com/download/android"" rel=""nofollow"">Twitter for Android</a>","GBLindsey",0,FALSE,FALSE,NA,NA
"23","Joffrey‚Äôs death is sooooo damn satisfying. They really wanted us to enjoy it. These face is fucking terrible though. #GameOfThones",FALSE,0,NA,2019-03-11 02:22:58,FALSE,NA,"1104930683955351553",NA,"<a href=""http://twitter.com/#!/download/ipad"" rel=""nofollow"">Twitter for iPad</a>","gubsreela",0,FALSE,FALSE,NA,NA
"24","I love watching #GameOfThones with someone who has never seen the show before. Makes the big eps so much fun to wat‚Ä¶ https://t.co/KKdNa5bWVd",FALSE,1,NA,2019-03-11 02:22:39,TRUE,NA,"1104930605102448640",NA,"<a href=""http://www.samruston.co.uk"" rel=""nofollow"">Flamingo for Android</a>","x_Sayrah_x",0,FALSE,FALSE,NA,NA
"25","RT @KenNapzok: Thanks to my #GameOfThones knowledge I finally won a game on @hqtrivia. I'm taking my 61 cents and sailing to Pentos to live‚Ä¶",FALSE,0,NA,2019-03-11 02:22:26,FALSE,NA,"1104930549989367810",NA,"<a href=""http://twitter.com/download/android"" rel=""nofollow"">Twitter for Android</a>","A_Scholl",6,TRUE,FALSE,NA,NA
"26","RT @brettaok: Waiting on line for the #GameOfThones Bleed For The Throne experience. #SXSW2019 #SXSW https://t.co/05WvyfTvk8",FALSE,0,NA,2019-03-11 02:21:50,FALSE,NA,"1104930399170543616",NA,"<a href=""http://twitter.com/download/iphone"" rel=""nofollow"">Twitter for iPhone</a>","PierreCpr",103,TRUE,FALSE,NA,NA
"27","RT @brettaok: Waiting on line for the #GameOfThones Bleed For The Throne experience. #SXSW2019 #SXSW https://t.co/05WvyfTvk8",FALSE,0,NA,2019-03-11 02:20:06,FALSE,NA,"1104929962660950021",NA,"<a href=""https://mobile.twitter.com"" rel=""nofollow"">Twitter Web App</a>","Ygorante",103,TRUE,FALSE,NA,NA
"28","RT @brettaok: Waiting on line for the #GameOfThones Bleed For The Throne experience. #SXSW2019 #SXSW https://t.co/05WvyfTvk8",FALSE,0,NA,2019-03-11 02:20:05,FALSE,NA,"1104929958588231686",NA,"<a href=""http://twitter.com/download/android"" rel=""nofollow"">Twitter for Android</a>","seangino10",103,TRUE,FALSE,NA,NA
"29","Everything is better with some wine in the belly. #GameOfThones",FALSE,0,NA,2019-03-11 02:09:35,FALSE,NA,"1104927314893189120",NA,"<a href=""http://twitter.com/download/iphone"" rel=""nofollow"">Twitter for iPhone</a>","1Nonly_mo",0,FALSE,FALSE,NA,NA
"30","#GOT #GameOfThones #Trump #TrumpMeetsTheInternet #Melania #memes https://t.co/3mpFYAE898",FALSE,0,NA,2019-03-11 02:09:31,FALSE,NA,"1104927299768467456",NA,"<a href=""http://twitter.com/download/iphone"" rel=""nofollow"">Twitter for iPhone</a>","MariaPolette",0,FALSE,FALSE,NA,NA
"31","RT @infinitum: ¬øQui√©n se quedar√° con el Trono de Hierro? Desc√∫brelo con tu paquete #Infinitum + HBO y disfruta las temporadas de #GameOfTho‚Ä¶",FALSE,0,NA,2019-03-11 02:09:00,FALSE,NA,"1104927168201740294",NA,"<a href=""http://twitter.com/download/android"" rel=""nofollow"">Twitter for Android</a>","Gerrysuke",53,TRUE,FALSE,NA,NA
"32","RT @infinitum: ¬øQui√©n se quedar√° con el Trono de Hierro? Desc√∫brelo con tu paquete #Infinitum + HBO y disfruta las temporadas de #GameOfTho‚Ä¶",FALSE,0,NA,2019-03-11 02:06:29,FALSE,NA,"1104926536984129537",NA,"<a href=""http://twitter.com/download/android"" rel=""nofollow"">Twitter for Android</a>","Lady_Ostara",53,TRUE,FALSE,NA,NA
"33","Oh and I binged season three of #GameOfThones  LOL",FALSE,0,"LunaTuna15",2019-03-11 02:05:24,FALSE,"1104925672932343808","1104926262131417089","3423099563","<a href=""http://twitter.com/download/iphone"" rel=""nofollow"">Twitter for iPhone</a>","LunaTuna15",0,FALSE,FALSE,NA,NA
"34","RT @KenNapzok: Thanks to my #GameOfThones knowledge I finally won a game on @hqtrivia. I'm taking my 61 cents and sailing to Pentos to live‚Ä¶",FALSE,0,NA,2019-03-11 02:04:35,FALSE,NA,"1104926060175454210",NA,"<a href=""http://twitter.com/download/iphone"" rel=""nofollow"">Twitter for iPhone</a>","j_nuggs",6,TRUE,FALSE,NA,NA
"35","RT @brettaok: Waiting on line for the #GameOfThones Bleed For The Throne experience. #SXSW2019 #SXSW https://t.co/05WvyfTvk8",FALSE,0,NA,2019-03-11 01:58:48,FALSE,NA,"1104924603955232768",NA,"<a href=""http://twitter.com/download/android"" rel=""nofollow"">Twitter for Android</a>","Amadeus_IX",103,TRUE,FALSE,NA,NA
"36","ŸÑÿ∞ÿß .. ÿßŸä ŸÖÿ≥ŸÑÿ≥ŸÑ ÿπÿ∏ŸäŸÖ ŸÜÿπŸÖ ŸàŸÖŸÜ ÿ®ŸäŸÜ ÿßŸÑÿßŸÅÿ∂ŸÑ .. ŸÑŸÉŸÜ ŸÑŸäÿ≥ ÿßŸÑÿßŸÅÿ∂ŸÑ ÿ®ÿ±ŸäŸä ÿ®ÿ≥ÿ®ÿ® Ÿáÿ∞Ÿá ÿßŸÑÿßŸÖŸàÿ± .
#GameOfThones",FALSE,0,"mlake72",2019-03-11 01:56:59,FALSE,"1104923009306054656","1104924146071490561","728310638414532608","<a href=""http://twitter.com/download/iphone"" rel=""nofollow"">Twitter for iPhone</a>","mlake72",0,FALSE,FALSE,NA,NA
"37","RT @KenNapzok: Thanks to my #GameOfThones knowledge I finally won a game on @hqtrivia. I'm taking my 61 cents and sailing to Pentos to live‚Ä¶",FALSE,0,NA,2019-03-11 01:56:08,FALSE,NA,"1104923931335684097",NA,"<a href=""http://twitter.com/download/android"" rel=""nofollow"">Twitter for Android</a>","WZemmama",6,TRUE,FALSE,NA,NA
"38","RT @brettaok: Waiting on line for the #GameOfThones Bleed For The Throne experience. #SXSW2019 #SXSW https://t.co/05WvyfTvk8",FALSE,0,NA,2019-03-11 01:53:44,FALSE,NA,"1104923326844030976",NA,"<a href=""http://twitter.com/download/iphone"" rel=""nofollow"">Twitter for iPhone</a>","carlitosss_33",103,TRUE,FALSE,NA,NA
"39","RT @brettaok: Waiting on line for the #GameOfThones Bleed For The Throne experience. #SXSW2019 #SXSW https://t.co/05WvyfTvk8",FALSE,0,NA,2019-03-11 01:51:51,FALSE,NA,"1104922853927862273",NA,"<a href=""http://twitter.com/download/iphone"" rel=""nofollow"">Twitter for iPhone</a>","1anuenue",103,TRUE,FALSE,NA,NA
"40","RT @brettaok: Waiting on line for the #GameOfThones Bleed For The Throne experience. #SXSW2019 #SXSW https://t.co/05WvyfTvk8",FALSE,0,NA,2019-03-11 01:50:36,FALSE,NA,"1104922537463549952",NA,"<a href=""http://twitter.com/download/iphone"" rel=""nofollow"">Twitter for iPhone</a>","HernanCtesG",103,TRUE,FALSE,NA,NA
"41","RT @KenNapzok: Thanks to my #GameOfThones knowledge I finally won a game on @hqtrivia. I'm taking my 61 cents and sailing to Pentos to live‚Ä¶",FALSE,0,NA,2019-03-11 01:49:10,FALSE,NA,"1104922179962056704",NA,"<a href=""http://twitter.com/download/iphone"" rel=""nofollow"">Twitter for iPhone</a>","CDWho35",6,TRUE,FALSE,NA,NA
"42","RT @brettaok: Waiting on line for the #GameOfThones Bleed For The Throne experience. #SXSW2019 #SXSW https://t.co/05WvyfTvk8",FALSE,0,NA,2019-03-11 01:47:11,FALSE,NA,"1104921680378503169",NA,"<a href=""http://twitter.com/download/android"" rel=""nofollow"">Twitter for Android</a>","meowbookz",103,TRUE,FALSE,NA,NA
"43","RT @brettaok: Waiting on line for the #GameOfThones Bleed For The Throne experience. #SXSW2019 #SXSW https://t.co/05WvyfTvk8",FALSE,0,NA,2019-03-11 01:43:04,FALSE,NA,"1104920645148856320",NA,"<a href=""http://twitter.com/download/android"" rel=""nofollow"">Twitter for Android</a>","lettymikka",103,TRUE,FALSE,NA,NA
"44","RT @brettaok: Waiting on line for the #GameOfThones Bleed For The Throne experience. #SXSW2019 #SXSW https://t.co/05WvyfTvk8",FALSE,0,NA,2019-03-11 01:41:26,FALSE,NA,"1104920234132008961",NA,"<a href=""http://twitter.com/download/android"" rel=""nofollow"">Twitter for Android</a>","_paturn14",103,TRUE,FALSE,NA,NA
"45","Season 1, Episode 1 #GameOfThones",FALSE,0,NA,2019-03-11 01:39:31,FALSE,NA,"1104919750461648896",NA,"<a href=""http://twitter.com/download/iphone"" rel=""nofollow"">Twitter for iPhone</a>","fabolousFAB562",0,FALSE,FALSE,NA,NA
"46","RT @brettaok: Waiting on line for the #GameOfThones Bleed For The Throne experience. #SXSW2019 #SXSW https://t.co/05WvyfTvk8",FALSE,0,NA,2019-03-11 01:34:14,FALSE,NA,"1104918420775153664",NA,"<a href=""http://twitter.com"" rel=""nofollow"">Twitter Web Client</a>","FalaEToficial",103,TRUE,FALSE,NA,NA
"47","Folding clothes n watching season 6 #GameOfThones",FALSE,0,NA,2019-03-11 01:32:06,FALSE,NA,"1104917884369805312",NA,"<a href=""http://twitter.com/download/iphone"" rel=""nofollow"">Twitter for iPhone</a>","CanUHandleHamz",0,FALSE,FALSE,NA,NA
"48","RT @brettaok: Waiting on line for the #GameOfThones Bleed For The Throne experience. #SXSW2019 #SXSW https://t.co/05WvyfTvk8",FALSE,0,NA,2019-03-11 01:32:00,FALSE,NA,"1104917857287196672",NA,"<a href=""http://twitter.com/download/iphone"" rel=""nofollow"">Twitter for iPhone</a>","Man_like_Mufasa",103,TRUE,FALSE,NA,NA
"49","RT @brettaok: Waiting on line for the #GameOfThones Bleed For The Throne experience. #SXSW2019 #SXSW https://t.co/05WvyfTvk8",FALSE,0,NA,2019-03-11 01:31:57,FALSE,NA,"1104917844691628032",NA,"<a href=""http://twitter.com/download/android"" rel=""nofollow"">Twitter for Android</a>","HazelJuniosa",103,TRUE,FALSE,NA,NA
"50","RT @brettaok: Waiting on line for the #GameOfThones Bleed For The Throne experience. #SXSW2019 #SXSW https://t.co/05WvyfTvk8",FALSE,0,NA,2019-03-11 01:31:33,FALSE,NA,"1104917744573603842",NA,"<a href=""http://twitter.com/download/iphone"" rel=""nofollow"">Twitter for iPhone</a>","garetnichols",103,TRUE,FALSE,NA,NA
"51","RT @brettaok: Waiting on line for the #GameOfThones Bleed For The Throne experience. #SXSW2019 #SXSW https://t.co/05WvyfTvk8",FALSE,0,NA,2019-03-11 01:31:13,FALSE,NA,"1104917663187460096",NA,"<a href=""http://twitter.com/download/iphone"" rel=""nofollow"">Twitter for iPhone</a>","papeghostcisse",103,TRUE,FALSE,NA,NA
"52","Rickon: *to Bran* ""Youre my brother!I have to protect you""

me: No you fucking dont! you need to learn how to fucki‚Ä¶ https://t.co/WZSYIT8qnW",FALSE,1,NA,2019-03-11 01:30:48,TRUE,NA,"1104917557033734144",NA,"<a href=""http://twitter.com/download/android"" rel=""nofollow"">Twitter for Android</a>","Kittie9000",0,FALSE,FALSE,NA,NA
"53","RT @KenNapzok: Thanks to my #GameOfThones knowledge I finally won a game on @hqtrivia. I'm taking my 61 cents and sailing to Pentos to live‚Ä¶",FALSE,0,NA,2019-03-11 01:29:10,FALSE,NA,"1104917147120218115",NA,"<a href=""http://www.myplume.com/"" rel=""nofollow"">Plume¬†for¬†Android</a>","MikeyBThatsMe",6,TRUE,FALSE,NA,NA
"54","RT @brettaok: Waiting on line for the #GameOfThones Bleed For The Throne experience. #SXSW2019 #SXSW https://t.co/05WvyfTvk8",FALSE,0,NA,2019-03-11 01:28:51,FALSE,NA,"1104917064429514752",NA,"<a href=""http://twitter.com/download/android"" rel=""nofollow"">Twitter for Android</a>","TomasDeBonis",103,TRUE,FALSE,NA,NA
"55","Vi el cap√≠tulo de ""Hold the door"" de Game of Thrones casi lloro...otra vez #GameOfThones https://t.co/3U4hIcvI2R",FALSE,11,NA,2019-03-11 01:28:33,FALSE,NA,"1104916989477154816",NA,"<a href=""http://twitter.com/download/android"" rel=""nofollow"">Twitter for Android</a>","yoyaque",0,FALSE,FALSE,NA,NA
"56","RT @infinitum: ¬øQui√©n se quedar√° con el Trono de Hierro? Desc√∫brelo con tu paquete #Infinitum + HBO y disfruta las temporadas de #GameOfTho‚Ä¶",FALSE,0,NA,2019-03-11 01:27:38,FALSE,NA,"1104916758014509056",NA,"<a href=""http://twitter.com/download/android"" rel=""nofollow"">Twitter for Android</a>","triqvitran",53,TRUE,FALSE,NA,NA
"57","RT @infinitum: ¬øQui√©n se quedar√° con el Trono de Hierro? Desc√∫brelo con tu paquete #Infinitum + HBO y disfruta las temporadas de #GameOfTho‚Ä¶",FALSE,0,NA,2019-03-11 01:26:38,FALSE,NA,"1104916507547582464",NA,"<a href=""http://twitter.com/download/android"" rel=""nofollow"">Twitter for Android</a>","iruka_forever",53,TRUE,FALSE,NA,NA
"58","RT @brettaok: Waiting on line for the #GameOfThones Bleed For The Throne experience. #SXSW2019 #SXSW https://t.co/05WvyfTvk8",FALSE,0,NA,2019-03-11 01:26:17,FALSE,NA,"1104916421807665154",NA,"<a href=""http://twitter.com/download/iphone"" rel=""nofollow"">Twitter for iPhone</a>","BrandonNewman01",103,TRUE,FALSE,NA,NA
"59","RT @brettaok: Waiting on line for the #GameOfThones Bleed For The Throne experience. #SXSW2019 #SXSW https://t.co/05WvyfTvk8",FALSE,0,NA,2019-03-11 01:25:13,FALSE,NA,"1104916150431989760",NA,"<a href=""http://twitter.com"" rel=""nofollow"">Twitter Web Client</a>","JanaLee21",103,TRUE,FALSE,NA,NA
"60","Forget #GameOfThones check out the #Moomba #dragon @abcmelbourne https://t.co/qaNwRv1Neg",FALSE,2,NA,2019-03-11 01:24:11,FALSE,NA,"1104915891945332736",NA,"<a href=""http://twitter.com/download/iphone"" rel=""nofollow"">Twitter for iPhone</a>","Isk137",1,FALSE,FALSE,NA,NA
"61","I‚Äôm 99.999999999999% sure this was a joke. But now that I‚Äôve read the quote, I‚Äôm holding you to it @DB__Weiss‚Ä¶ https://t.co/INEdOg7zam",FALSE,0,NA,2019-03-11 01:23:24,TRUE,NA,"1104915694079148037",NA,"<a href=""http://twitter.com/download/iphone"" rel=""nofollow"">Twitter for iPhone</a>","ljmilman",0,FALSE,FALSE,NA,NA
"62","RT @infinitum: ¬øQui√©n se quedar√° con el Trono de Hierro? Desc√∫brelo con tu paquete #Infinitum + HBO y disfruta las temporadas de #GameOfTho‚Ä¶",FALSE,0,NA,2019-03-11 01:23:22,FALSE,NA,"1104915684989890561",NA,"<a href=""http://twitter.com/download/iphone"" rel=""nofollow"">Twitter for iPhone</a>","Aypuntitos",53,TRUE,FALSE,NA,NA
"63","Thanks to my #GameOfThones knowledge I finally won a game on @hqtrivia. I'm taking my 61 cents and sailing to Pento‚Ä¶ https://t.co/P8LgtNAC5r",FALSE,161,NA,2019-03-11 01:23:11,TRUE,NA,"1104915638940651525",NA,"<a href=""http://twitter.com"" rel=""nofollow"">Twitter Web Client</a>","KenNapzok",6,FALSE,FALSE,NA,NA
"64","RT @brettaok: Waiting on line for the #GameOfThones Bleed For The Throne experience. #SXSW2019 #SXSW https://t.co/05WvyfTvk8",FALSE,0,NA,2019-03-11 01:20:36,FALSE,NA,"1104914991348539392",NA,"<a href=""http://twitter.com/download/iphone"" rel=""nofollow"">Twitter for iPhone</a>","nearnearnear_",103,TRUE,FALSE,NA,NA
"65","Of course the furthest I‚Äôd get on @hqtrivia would be when it‚Äôs #GameOfThones  trivia! üòÇ got to q 14! Always read before you click!",FALSE,0,NA,2019-03-11 01:20:18,FALSE,NA,"1104914913263144961",NA,"<a href=""http://twitter.com/download/iphone"" rel=""nofollow"">Twitter for iPhone</a>","itsyesey",0,FALSE,FALSE,NA,NA
"66","RT @brettaok: Waiting on line for the #GameOfThones Bleed For The Throne experience. #SXSW2019 #SXSW https://t.co/05WvyfTvk8",FALSE,0,NA,2019-03-11 01:19:49,FALSE,NA,"1104914791615758336",NA,"<a href=""http://twitter.com/download/android"" rel=""nofollow"">Twitter for Android</a>","Calauriees",103,TRUE,FALSE,NA,NA
"67","Just started watching #GameOfThones and am not sure I can handle it. Omg that ending!",FALSE,0,NA,2019-03-11 01:12:42,FALSE,NA,"1104913002518728704",NA,"<a href=""http://twitter.com/download/iphone"" rel=""nofollow"">Twitter for iPhone</a>","SebagoScents",0,FALSE,FALSE,NA,NA
"68","RT @brettaok: Waiting on line for the #GameOfThones Bleed For The Throne experience. #SXSW2019 #SXSW https://t.co/05WvyfTvk8",FALSE,0,NA,2019-03-11 01:06:21,FALSE,NA,"1104911403033387008",NA,"<a href=""http://twitter.com/download/android"" rel=""nofollow"">Twitter for Android</a>","Toey_Es",103,TRUE,FALSE,NA,NA
"69","Tourmond is ginger bae #GameOfThones",FALSE,0,NA,2019-03-11 01:06:09,FALSE,NA,"1104911353821708288",NA,"<a href=""http://twitter.com/download/iphone"" rel=""nofollow"">Twitter for iPhone</a>","_DeeLoLo",0,FALSE,FALSE,NA,NA
"70","RT @brettaok: Waiting on line for the #GameOfThones Bleed For The Throne experience. #SXSW2019 #SXSW https://t.co/05WvyfTvk8",FALSE,0,NA,2019-03-11 01:05:21,FALSE,NA,"1104911152679710721",NA,"<a href=""http://twitter.com/download/android"" rel=""nofollow"">Twitter for Android</a>","gregmendoza94",103,TRUE,FALSE,NA,NA
"71","RT @infinitum: ¬øQui√©n se quedar√° con el Trono de Hierro? Desc√∫brelo con tu paquete #Infinitum + HBO y disfruta las temporadas de #GameOfTho‚Ä¶",FALSE,0,NA,2019-03-11 01:04:50,FALSE,NA,"1104911022266245120",NA,"<a href=""http://twitter.com/download/android"" rel=""nofollow"">Twitter for Android</a>","MikeAPrz",53,TRUE,FALSE,NA,NA
"72","RT @brettaok: Waiting on line for the #GameOfThones Bleed For The Throne experience. #SXSW2019 #SXSW https://t.co/05WvyfTvk8",FALSE,0,NA,2019-03-11 01:02:54,FALSE,NA,"1104910537161351169",NA,"<a href=""http://twitter.com/download/iphone"" rel=""nofollow"">Twitter for iPhone</a>","DiegoDiegosan27",103,TRUE,FALSE,NA,NA
"73","Yassssss can it be April 14 already!!! Can't wait!!! #GameOfThones https://t.co/opJLWrA4Ji",FALSE,0,NA,2019-03-11 01:02:09,FALSE,NA,"1104910347452899329",NA,"<a href=""http://twitter.com/download/android"" rel=""nofollow"">Twitter for Android</a>","psknawai",0,FALSE,FALSE,NA,NA
"74","RT @brettaok: Waiting on line for the #GameOfThones Bleed For The Throne experience. #SXSW2019 #SXSW https://t.co/05WvyfTvk8",FALSE,0,NA,2019-03-11 01:01:50,FALSE,NA,"1104910264820879360",NA,"<a href=""http://twitter.com/download/iphone"" rel=""nofollow"">Twitter for iPhone</a>","Lacethjoyce_",103,TRUE,FALSE,NA,NA
"75","RT @brettaok: Waiting on line for the #GameOfThones Bleed For The Throne experience. #SXSW2019 #SXSW https://t.co/05WvyfTvk8",FALSE,0,NA,2019-03-11 01:01:36,FALSE,NA,"1104910206083915777",NA,"<a href=""http://twitter.com/download/android"" rel=""nofollow"">Twitter for Android</a>","beamandherhat",103,TRUE,FALSE,NA,NA
"76","Watching the #GameOfThones trailer (again) and Cersei looks legitimately sad, and that has to mean Jaime's dead, right?",FALSE,0,NA,2019-03-11 01:01:26,FALSE,NA,"1104910166208794624",NA,"<a href=""http://twitter.com"" rel=""nofollow"">Twitter Web Client</a>","allenwallace",0,FALSE,FALSE,NA,NA
"77","RT @brettaok: Waiting on line for the #GameOfThones Bleed For The Throne experience. #SXSW2019 #SXSW https://t.co/05WvyfTvk8",FALSE,0,NA,2019-03-11 01:00:09,FALSE,NA,"1104909843318464513",NA,"<a href=""http://twitter.com/download/android"" rel=""nofollow"">Twitter for Android</a>","kavissy",103,TRUE,FALSE,NA,NA
"78","RT @brettaok: Waiting on line for the #GameOfThones Bleed For The Throne experience. #SXSW2019 #SXSW https://t.co/05WvyfTvk8",FALSE,0,NA,2019-03-11 00:59:54,FALSE,NA,"1104909782018777088",NA,"<a href=""http://twitter.com/download/iphone"" rel=""nofollow"">Twitter for iPhone</a>","miz__priscy",103,TRUE,FALSE,NA,NA
"79","RT @infinitum: ¬øQui√©n se quedar√° con el Trono de Hierro? Desc√∫brelo con tu paquete #Infinitum + HBO y disfruta las temporadas de #GameOfTho‚Ä¶",FALSE,0,NA,2019-03-11 00:59:51,FALSE,NA,"1104909767447703552",NA,"<a href=""https://mobile.twitter.com"" rel=""nofollow"">Twitter Web App</a>","ZaharaGabrielle",53,TRUE,FALSE,NA,NA
"80","RT @brettaok: Waiting on line for the #GameOfThones Bleed For The Throne experience. #SXSW2019 #SXSW https://t.co/05WvyfTvk8",FALSE,0,NA,2019-03-11 00:59:27,FALSE,NA,"1104909665563893766",NA,"<a href=""http://twitter.com/download/iphone"" rel=""nofollow"">Twitter for iPhone</a>","deborahpacute",103,TRUE,FALSE,NA,NA
"81","RT @brettaok: Waiting on line for the #GameOfThones Bleed For The Throne experience. #SXSW2019 #SXSW https://t.co/05WvyfTvk8",FALSE,0,NA,2019-03-11 00:58:06,FALSE,NA,"1104909327108780033",NA,"<a href=""http://twitter.com/download/iphone"" rel=""nofollow"">Twitter for iPhone</a>","itsyahboiulo",103,TRUE,FALSE,NA,NA
"82","RT @brettaok: Waiting on line for the #GameOfThones Bleed For The Throne experience. #SXSW2019 #SXSW https://t.co/05WvyfTvk8",FALSE,0,NA,2019-03-11 00:57:38,FALSE,NA,"1104909207881433088",NA,"<a href=""http://twitter.com/download/android"" rel=""nofollow"">Twitter for Android</a>","andrewoohhh",103,TRUE,FALSE,NA,NA
"83","I bet Jon wins the throne and melts down the iron throne because it would be more practical to use the iron for wea‚Ä¶ https://t.co/v7Gct019Rh",FALSE,0,NA,2019-03-11 00:56:36,TRUE,NA,"1104908950913404931",NA,"<a href=""http://twitter.com/download/iphone"" rel=""nofollow"">Twitter for iPhone</a>","caseyrowlandd",0,FALSE,FALSE,NA,NA
"84","#GameOfThones Bleed For The Throne experience. #SXSW2019‚Å† ‚Å† #SXSW‚Å† ‚Å†
Shout out to @HBO for this amazing experience. https://t.co/57G6NvThCH",FALSE,1,NA,2019-03-11 00:55:44,FALSE,NA,"1104908732088152064",NA,"<a href=""http://twitter.com/download/iphone"" rel=""nofollow"">Twitter for iPhone</a>","annienota1",0,FALSE,FALSE,NA,NA
"85","RT @brettaok: Waiting on line for the #GameOfThones Bleed For The Throne experience. #SXSW2019 #SXSW https://t.co/05WvyfTvk8",FALSE,0,NA,2019-03-11 00:54:33,FALSE,NA,"1104908435798310913",NA,"<a href=""http://twitter.com/download/android"" rel=""nofollow"">Twitter for Android</a>","YourKazzaky",103,TRUE,FALSE,NA,NA
"86","plan for today 
work 12 to 9 
home food , shower, 
and in bed to watch #GameOfThones , @bbceastenders , #masterchef‚Ä¶ https://t.co/EGbFI0K0Sf",FALSE,0,NA,2019-03-11 00:54:23,TRUE,NA,"1104908390143328257",NA,"<a href=""http://twitter.com/download/android"" rel=""nofollow"">Twitter for Android</a>","RickiKenny",0,FALSE,FALSE,NA,NA
"87","„Ç´„Éº„É´„Éª„Éâ„É≠„Ç¥ÔºÅ
„Éá„Ç´„ÅÑÔºÅ
#GOT 
#GameOfThones https://t.co/abaUm4HqY4",FALSE,0,NA,2019-03-11 00:54:14,FALSE,NA,"1104908353904373760",NA,"<a href=""http://twitter.com/download/iphone"" rel=""nofollow"">Twitter for iPhone</a>","tadanobu15",0,FALSE,FALSE,NA,NA
"88","RT @infinitum: ¬øQui√©n se quedar√° con el Trono de Hierro? Desc√∫brelo con tu paquete #Infinitum + HBO y disfruta las temporadas de #GameOfTho‚Ä¶",FALSE,0,NA,2019-03-11 00:53:49,FALSE,NA,"1104908250753904642",NA,"<a href=""http://twitter.com/download/iphone"" rel=""nofollow"">Twitter for iPhone</a>","lu_soto871",53,TRUE,FALSE,NA,NA
"89","Guys....Uncle Benjen‚Äôs entire life‚Äôs purpose was to save his two nephew‚Äôs life... a whole life just for them #GameOfThones #GOT",FALSE,1,NA,2019-03-11 00:53:13,FALSE,NA,"1104908098492354560",NA,"<a href=""http://twitter.com/download/iphone"" rel=""nofollow"">Twitter for iPhone</a>","Katastrophe98",0,FALSE,FALSE,NA,NA
"90","RT @Game0fThronz: RT brettaok: Waiting on line for the #GameOfThones Bleed For The Throne experience. #SXSW2019 #SXSW https://t.co/3WSpYzu8‚Ä¶",FALSE,0,NA,2019-03-11 00:51:46,FALSE,NA,"1104907734917545984",NA,"<a href=""http://twitter.com/#!/download/ipad"" rel=""nofollow"">Twitter for iPad</a>","MeruMuadDib",1,TRUE,FALSE,NA,NA
"91","The night is dark and full of spoilers. üôà #GameOfThones",FALSE,0,NA,2019-03-11 00:51:36,FALSE,NA,"1104907693045637120",NA,"<a href=""https://mobile.twitter.com"" rel=""nofollow"">Twitter Web App</a>","piaaattos2",0,FALSE,FALSE,NA,NA
"92","RT @infinitum: ¬øQui√©n se quedar√° con el Trono de Hierro? Desc√∫brelo con tu paquete #Infinitum + HBO y disfruta las temporadas de #GameOfTho‚Ä¶",FALSE,0,NA,2019-03-11 00:51:02,FALSE,NA,"1104907548812021760",NA,"<a href=""http://twitter.com/download/android"" rel=""nofollow"">Twitter for Android</a>","jesusrosas",53,TRUE,FALSE,NA,NA
"93","RT @brettaok: Waiting on line for the #GameOfThones Bleed For The Throne experience. #SXSW2019 #SXSW https://t.co/05WvyfTvk8",FALSE,0,NA,2019-03-11 00:49:54,FALSE,NA,"1104907265432268801",NA,"<a href=""http://twitter.com/download/iphone"" rel=""nofollow"">Twitter for iPhone</a>","angels_xr",103,TRUE,FALSE,NA,NA
"94","Almost finished rewatching #GameOfThones.. in the middle of the season finale.. John Targaryen ouchea",FALSE,1,NA,2019-03-11 00:49:45,FALSE,NA,"1104907226320379904",NA,"<a href=""http://twitter.com/download/iphone"" rel=""nofollow"">Twitter for iPhone</a>","LewKaineMane",0,FALSE,FALSE,NA,NA
"95","Guess I'll catch up on Game of Thrones #GOT #GameOfThones https://t.co/O9qjin13JR",FALSE,1,NA,2019-03-11 00:49:25,FALSE,NA,"1104907144124616705",NA,"<a href=""http://twitter.com/download/android"" rel=""nofollow"">Twitter for Android</a>","TxKage7",0,FALSE,FALSE,NA,NA
"96","RT @brettaok: Waiting on line for the #GameOfThones Bleed For The Throne experience. #SXSW2019 #SXSW https://t.co/05WvyfTvk8",FALSE,0,NA,2019-03-11 00:46:42,FALSE,NA,"1104906456426401792",NA,"<a href=""https://mobile.twitter.com"" rel=""nofollow"">Twitter Web App</a>","DaayPantoja",103,TRUE,FALSE,NA,NA
"97","Honestly it would be rude to give Arya a male love interest. Let the gay agenda shine through pls #GameOfThones",FALSE,0,NA,2019-03-11 00:46:32,FALSE,NA,"1104906416744292352",NA,"<a href=""http://twitter.com/download/iphone"" rel=""nofollow"">Twitter for iPhone</a>","maserrr",0,FALSE,FALSE,NA,NA
"98","I‚Äôve watched #GameOfThones S1-S7 about a thousand times! Ha hurry up April 14th! ‚ùÑÔ∏èüî•",FALSE,1,NA,2019-03-11 00:44:44,FALSE,NA,"1104905965340512257",NA,"<a href=""http://twitter.com/download/iphone"" rel=""nofollow"">Twitter for iPhone</a>","shylean6",0,FALSE,FALSE,NA,NA
"99","They weren't joking when they said this next season was gonna be wild üò±üò±üò± #GameOfThones #GameofThronesSeason8 #GoT https://t.co/usANshhOiI",FALSE,0,NA,2019-03-11 00:44:18,FALSE,NA,"1104905855424741376",NA,"<a href=""http://twitter.com/download/android"" rel=""nofollow"">Twitter for Android</a>","ExtremeZollar",0,FALSE,FALSE,NA,NA
"100","RT @brettaok: Waiting on line for the #GameOfThones Bleed For The Throne experience. #SXSW2019 #SXSW https://t.co/05WvyfTvk8",FALSE,0,NA,2019-03-11 00:42:45,FALSE,NA,"1104905464276385792",NA,"<a href=""http://twitter.com/download/android"" rel=""nofollow"">Twitter for Android</a>","gorufu13",103,TRUE,FALSE,NA,NA
